/*
-- Query: SELECT * FROM pachakari.user
LIMIT 0, 1000

-- Date: 2020-05-25 10:02
*/
INSERT INTO user (ID,USERNAME,FIRSTNAME,LASTNAME,EMAIL_ID,PASSWORD,ISACTIVE,CREATED_DATE,MODIFIED_DATE) VALUES (1,'NIRMAL','NIRMAL','KUMAR','NIRMALPM@GMAIL.COM','$2a$10$BhHb6U9zoXmxfd0La4vx9.XW5q4pRBc0oQv6Ov37HOahY6MWGFJLW',1,'2020-05-15 13:03:39',NULL);
INSERT INTO user (ID,USERNAME,FIRSTNAME,LASTNAME,EMAIL_ID,PASSWORD,ISACTIVE,CREATED_DATE,MODIFIED_DATE) VALUES (2,'Nirmal','Nirmal','Kumar','nirmalpm3@gmail.com','$2a$10$m2lh40DmIryh44.pDh1N7Od/mD4L8uFDvXllnCvqVKMzUdUFjS3Cm',0,'2020-04-27 16:30:00',NULL);
INSERT INTO user (ID,USERNAME,FIRSTNAME,LASTNAME,EMAIL_ID,PASSWORD,ISACTIVE,CREATED_DATE,MODIFIED_DATE) VALUES (3,'Jisha','Jisha','Nirmal','srijishanirmal@gmail.com','$2a$10$//awp4Ua8qzUeSFJtLAVSeyxBnq5suTtdHvPVsJBialA4bBlR2BKe',0,'2020-05-18 22:54:59',NULL);


/*
-- Query: SELECT * FROM pachakari.role
LIMIT 0, 1000

-- Date: 2020-05-25 10:03
*/
INSERT INTO role (ID,ROLE_NAME) VALUES (1,'ADMINISTRATOR');
INSERT INTO role (ID,ROLE_NAME) VALUES (2,'USER');
INSERT INTO role (ID,ROLE_NAME) VALUES (3,'GUEST');

/*
-- Query: SELECT * FROM pachakari.permission
LIMIT 0, 1000

-- Date: 2020-05-25 10:04
*/
INSERT INTO permission (ID,PERMISSION_NAME) VALUES (1,'CREATE');
INSERT INTO permission (ID,PERMISSION_NAME) VALUES (2,'EDIT');
INSERT INTO permission (ID,PERMISSION_NAME) VALUES (3,'DELETE');
INSERT INTO permission (ID,PERMISSION_NAME) VALUES (4,'VIEW_ALL');
INSERT INTO permission (ID,PERMISSION_NAME) VALUES (5,'VIEW');
INSERT INTO permission (ID,PERMISSION_NAME) VALUES (6,'BUY');

/*
-- Query: SELECT * FROM pachakari.assign_user_to_role
LIMIT 0, 1000

-- Date: 2020-05-25 10:09
*/
INSERT INTO assign_user_to_role (ID,USER_ID,ROLE_ID) VALUES (1,1,1);
INSERT INTO assign_user_to_role (ID,USER_ID,ROLE_ID) VALUES (4,2,1);
INSERT INTO assign_user_to_role (ID,USER_ID,ROLE_ID) VALUES (6,3,2);


/*
-- Query: SELECT * FROM pachakari.assign_permission_to_role
LIMIT 0, 1000

-- Date: 2020-05-25 10:06
*/
INSERT INTO assign_permission_to_role (ID,PERMISSION_ID,ROLE_ID) VALUES (1,1,1);
INSERT INTO assign_permission_to_role (ID,PERMISSION_ID,ROLE_ID) VALUES (2,2,1);
INSERT INTO assign_permission_to_role (ID,PERMISSION_ID,ROLE_ID) VALUES (3,3,1);
INSERT INTO assign_permission_to_role (ID,PERMISSION_ID,ROLE_ID) VALUES (4,4,1);
INSERT INTO assign_permission_to_role (ID,PERMISSION_ID,ROLE_ID) VALUES (5,5,1);
INSERT INTO assign_permission_to_role (ID,PERMISSION_ID,ROLE_ID) VALUES (6,6,1);
INSERT INTO assign_permission_to_role (ID,PERMISSION_ID,ROLE_ID) VALUES (7,4,2);
INSERT INTO assign_permission_to_role (ID,PERMISSION_ID,ROLE_ID) VALUES (8,5,2);
INSERT INTO assign_permission_to_role (ID,PERMISSION_ID,ROLE_ID) VALUES (9,6,2);
INSERT INTO assign_permission_to_role (ID,PERMISSION_ID,ROLE_ID) VALUES (10,4,3);
INSERT INTO assign_permission_to_role (ID,PERMISSION_ID,ROLE_ID) VALUES (11,5,3);
INSERT INTO assign_permission_to_role (ID,PERMISSION_ID,ROLE_ID) VALUES (12,6,3);

